股票代码,股票名称,记录编号,公告日期,分红年度,分配类型,实施年度,方案进度,送股(股/10股),转增(股/10股),派息税前(元/10股),每股派息税前(元),除权除息日,股权登记日,红股上市日,明细页税前红利(元),明细页税后红利(元),股东大会决议公告日,红利到账日,含现金分红,含送股,含转增,数据来源
000001,平安银行,000001-2026-09-17,2026-09-17,2026,中期/特别分配（推断）,2026,实施,0.0,0.0,2.49,0.249,2026-09-24,2026-09-23,,2.49,2.49,2024-05-25,2026-09-24,是,否,否,http://vip.stock.finance.sina.com.cn/corp/view/vISSUE_ShareBonusDetail.php?stockid=000001&type=1&end_date=2026-09-17
000001,平安银行,000001-2026-06-05,2026-06-05,2025,年度分配（推断）,2026,实施,0.0,0.0,3.6,0.36,2026-06-12,2026-06-11,,3.6,3.6,2026-05-23,2026-06-12,是,否,否,http://vip.stock.finance.sina.com.cn/corp/view/vISSUE_ShareBonusDetail.php?stockid=000001&type=1&end_date=2026-06-05
000001,平安银行,000001-2025-09-30,2025-09-30,2025,中期/特别分配（推断）,2025,实施,0.0,0.0,2.36,0.236,2025-10-15,2025-10-14,,2.36,2.36,2024-05-25,2025-10-15,是,否,否,http://vip.stock.finance.sina.com.cn/corp/view/vISSUE_ShareBonusDetail.php?stockid=000001&type=1&end_date=2025-09-30
000001,平安银行,000001-2025-06-05,2025-06-05,2024,年度分配（推断）,2025,实施,0.0,0.0,3.62,0.362,2025-06-12,2025-06-11,,3.62,3.62,2025-05-24,2025-06-12,是,否,否,http://vip.stock.finance.sina.com.cn/corp/view/vISSUE_ShareBonusDetail.php?stockid=000001&type=1&end_date=2025-06-05
000001,平安银行,000001-2024-09-26,2024-09-26,2024,中期/特别分配（推断）,2024,实施,0.0,0.0,2.46,0.246,2024-10-10,2024-10-09,,2.46,2.46,2024-05-25,2024-10-10,是,否,否,http://vip.stock.finance.sina.com.cn/corp/view/vISSUE_ShareBonusDetail.php?stockid=000001&type=1&end_date=2024-09-26
000001,平安银行,000001-2024-06-06,2024-06-06,2023,年度分配（推断）,2024,实施,0.0,0.0,7.19,0.719,2024-06-14,2024-06-13,,7.19,7.19,2024-05-25,2024-06-14,是,否,否,http://vip.stock.finance.sina.com.cn/corp/view/vISSUE_ShareBonusDetail.php?stockid=000001&type=1&end_date=2024-06-06
000001,平安银行,000001-2023-06-07,2023-06-07,2022,年度分配（推断）,2023,实施,0.0,0.0,2.85,0.285,2023-06-14,2023-06-13,,2.85,2.85,2023-06-01,2023-06-14,是,否,否,http://vip.stock.finance.sina.com.cn/corp/view/vISSUE_ShareBonusDetail.php?stockid=000001&type=1&end_date=2023-06-07
000001,平安银行,000001-2022-07-15,2022-07-15,2021,年度分配（推断）,2022,实施,0.0,0.0,2.28,0.228,2022-07-22,2022-07-21,,2.28,2.28,2022-06-29,2022-07-22,是,否,否,http://vip.stock.finance.sina.com.cn/corp/view/vISSUE_ShareBonusDetail.php?stockid=000001&type=1&end_date=2022-07-15
000001,平安银行,000001-2021-05-07,2021-05-07,2020,年度分配（推断）,2021,实施,0.0,0.0,1.8,0.18,2021-05-14,2021-05-13,,1.8,1.8,2021-04-09,2021-05-14,是,否,否,http://vip.stock.finance.sina.com.cn/corp/view/vISSUE_ShareBonusDetail.php?stockid=000001&type=1&end_date=2021-05-07
000001,平安银行,000001-2020-05-22,2020-05-22,2019,年度分配（推断）,2020,实施,0.0,0.0,2.18,0.218,2020-05-28,2020-05-27,,2.18,2.18,2020-05-15,2020-05-28,是,否,否,http://vip.stock.finance.sina.com.cn/corp/view/vISSUE_ShareBonusDetail.php?stockid=000001&type=1&end_date=2020-05-22
000001,平安银行,000001-2019-06-20,2019-06-20,2018,年度分配（推断）,2019,实施,0.0,0.0,1.45,0.145,2019-06-26,2019-06-25,,1.45,1.45,2019-05-31,2019-06-26,是,否,否,http://vip.stock.finance.sina.com.cn/corp/view/vISSUE_ShareBonusDetail.php?stockid=000001&type=1&end_date=2019-06-20
000001,平安银行,000001-2018-07-06,2018-07-06,2017,年度分配（推断）,2018,实施,0.0,0.0,1.36,0.136,2018-07-12,2018-07-11,,1.36,1.36,2018-06-21,2018-07-12,是,否,否,http://vip.stock.finance.sina.com.cn/corp/view/vISSUE_ShareBonusDetail.php?stockid=000001&type=1&end_date=2018-07-06
000001,平安银行,000001-2017-07-17,2017-07-17,2016,年度分配（推断）,2017,实施,0.0,0.0,1.58,0.158,2017-07-21,2017-07-20,,1.58,1.58,2017-06-30,2017-07-21,是,否,否,http://vip.stock.finance.sina.com.cn/corp/view/vISSUE_ShareBonusDetail.php?stockid=000001&type=1&end_date=2017-07-17
000001,平安银行,000001-2016-06-08,2016-06-08,2015,年度分配（推断）,2016,实施,0.0,2.0,1.53,0.153,2016-06-16,2016-06-15,,1.53,,2016-05-20,2016-06-16,是,否,是,http://vip.stock.finance.sina.com.cn/corp/view/vISSUE_ShareBonusDetail.php?stockid=000001&type=1&end_date=2016-06-08
000001,平安银行,000001-2015-04-07,2015-04-07,2014,年度分配（推断）,2015,实施,0.0,2.0,1.74,0.174,2015-04-13,2015-04-10,,1.74,,2015-04-03,2015-04-13,是,否,是,http://vip.stock.finance.sina.com.cn/corp/view/vISSUE_ShareBonusDetail.php?stockid=000001&type=1&end_date=2015-04-07
000001,平安银行,000001-2014-06-06,2014-06-06,2013,年度分配（推断）,2014,实施,0.0,2.0,1.6,0.16,2014-06-12,2014-06-11,,1.6,,2014-05-23,2014-06-12,是,否,是,http://vip.stock.finance.sina.com.cn/corp/view/vISSUE_ShareBonusDetail.php?stockid=000001&type=1&end_date=2014-06-06
000001,平安银行,000001-2013-06-14,2013-06-14,2012,年度分配（推断）,2013,实施,6.0,0.0,1.7,0.17,2013-06-20,2013-06-19,,1.7,,2013-05-24,2013-06-20,是,是,否,http://vip.stock.finance.sina.com.cn/corp/view/vISSUE_ShareBonusDetail.php?stockid=000001&type=1&end_date=2013-06-14
000001,平安银行,000001-2012-10-12,2012-10-12,2012,中期/特别分配（推断）,2012,实施,0.0,0.0,1.0,0.1,2012-10-19,2012-10-18,,1.0,0.9,2012-09-01,2012-10-19,是,否,否,http://vip.stock.finance.sina.com.cn/corp/view/vISSUE_ShareBonusDetail.php?stockid=000001&type=1&end_date=2012-10-12
000001,平安银行,000001-2012-03-09,2012-03-09,2011,年度分配（推断）,2012,不分配,0.0,0.0,0.0,0.0,,,,,,,,否,否,否,http://vip.stock.finance.sina.com.cn/corp/view/vISSUE_ShareBonusDetail.php?stockid=000001&type=1&end_date=2012-03-09
000001,平安银行,000001-2011-02-25,2011-02-25,2010,年度分配（推断）,2011,不分配,0.0,0.0,0.0,0.0,,,,,,,,否,否,否,http://vip.stock.finance.sina.com.cn/corp/view/vISSUE_ShareBonusDetail.php?stockid=000001&type=1&end_date=2011-02-25
000001,平安银行,000001-2010-03-12,2010-03-12,2009,年度分配（推断）,2010,不分配,0.0,0.0,0.0,0.0,,,,,,,,否,否,否,http://vip.stock.finance.sina.com.cn/corp/view/vISSUE_ShareBonusDetail.php?stockid=000001&type=1&end_date=2010-03-12
000001,平安银行,000001-2009-03-20,2009-03-20,2008,年度分配（推断）,2009,不分配,0.0,0.0,0.0,0.0,,,,,,,,否,否,否,http://vip.stock.finance.sina.com.cn/corp/view/vISSUE_ShareBonusDetail.php?stockid=000001&type=1&end_date=2009-03-20
000001,平安银行,000001-2008-10-24,2008-10-24,2008,中期/特别分配（推断）,2008,实施,3.0,0.0,0.335,0.0335,2008-10-31,2008-10-30,,0.34,,2008-10-16,2008-10-31,是,是,否,http://vip.stock.finance.sina.com.cn/corp/view/vISSUE_ShareBonusDetail.php?stockid=000001&type=1&end_date=2008-10-24
000001,平安银行,000001-2008-03-20,2008-03-20,2007,年度分配（推断）,2008,不分配,0.0,0.0,0.0,0.0,,,,,,,,否,否,否,http://vip.stock.finance.sina.com.cn/corp/view/vISSUE_ShareBonusDetail.php?stockid=000001&type=1&end_date=2008-03-20
000001,平安银行,000001-2007-06-14,2007-06-14,2006,年度分配（推断）,2007,实施,1.0,0.0,0.09,0.009,2007-06-18,2007-06-15,2007-06-20,0.09,,2007-06-09,2007-06-20,是,是,否,http://vip.stock.finance.sina.com.cn/corp/view/vISSUE_ShareBonusDetail.php?stockid=000001&type=1&end_date=2007-06-14
000001,平安银行,000001-2007-03-22,2007-03-22,2006,年度分配（推断）,2007,不分配,0.0,0.0,0.0,0.0,,,,,,,,否,否,否,http://vip.stock.finance.sina.com.cn/corp/view/vISSUE_ShareBonusDetail.php?stockid=000001&type=1&end_date=2007-03-22
000001,平安银行,000001-2006-04-01,2006-04-01,2005,年度分配（推断）,2006,不分配,0.0,0.0,0.0,0.0,,,,,,,,否,否,否,http://vip.stock.finance.sina.com.cn/corp/view/vISSUE_ShareBonusDetail.php?stockid=000001&type=1&end_date=2006-04-01
000001,平安银行,000001-2005-06-18,2005-06-18,2004,年度分配（推断）,2005,不分配,0.0,0.0,0.0,0.0,,,,,,,,否,否,否,http://vip.stock.finance.sina.com.cn/corp/view/vISSUE_ShareBonusDetail.php?stockid=000001&type=1&end_date=2005-06-18
000001,平安银行,000001-2003-09-23,2003-09-23,2003,中期/特别分配（推断）,2003,实施,0.0,0.0,1.5,0.15,2003-09-29,2003-09-26,,1.5,1.2,2003-08-27,2003-09-29,是,否,否,http://vip.stock.finance.sina.com.cn/corp/view/vISSUE_ShareBonusDetail.php?stockid=000001&type=1&end_date=2003-09-23
000001,平安银行,000001-2002-07-17,2002-07-17,2001,年度分配（推断）,2002,实施,0.0,0.0,1.5,0.15,2002-07-23,2002-07-22,,1.5,1.2,2002-05-23,2002-07-23,是,否,否,http://vip.stock.finance.sina.com.cn/corp/view/vISSUE_ShareBonusDetail.php?stockid=000001&type=1&end_date=2002-07-17
000001,平安银行,000001-1999-10-16,1999-10-16,1999,中期/特别分配（推断）,1999,实施,0.0,0.0,6.0,0.6,1999-10-18,1999-10-15,,6.0,4.9,1999-08-17,1999-10-22,是,否,否,http://vip.stock.finance.sina.com.cn/corp/view/vISSUE_ShareBonusDetail.php?stockid=000001&type=1&end_date=1999-10-16
000001,平安银行,000001-1997-08-19,1997-08-19,1996,年度分配（推断）,1997,实施,5.0,0.0,2.0,0.2,1997-08-25,1997-08-22,,2.0,,1997-07-23,1997-08-27,是,是,否,http://vip.stock.finance.sina.com.cn/corp/view/vISSUE_ShareBonusDetail.php?stockid=000001&type=1&end_date=1997-08-19
000001,平安银行,000001-1996-05-23,1996-05-23,1995,年度分配（推断）,1996,实施,5.0,5.0,0.0,0.0,1996-05-27,1996-05-24,1996-05-29,,,1996-05-20,1996-05-27,否,是,是,http://vip.stock.finance.sina.com.cn/corp/view/vISSUE_ShareBonusDetail.php?stockid=000001&type=1&end_date=1996-05-23
000001,平安银行,000001-1995-09-15,1995-09-15,1995,中期/特别分配（推断）,1995,实施,2.0,0.0,3.0,0.3,1995-09-25,1995-09-22,,3.0,,1995-08-29,,是,是,否,http://vip.stock.finance.sina.com.cn/corp/view/vISSUE_ShareBonusDetail.php?stockid=000001&type=1&end_date=1995-09-15
000001,平安银行,000001-1994-07-02,1994-07-02,1993,年度分配（推断）,1994,实施,3.0,2.0,5.0,0.5,1994-07-11,1994-07-08,,5.0,,1994-03-18,,是,是,是,http://vip.stock.finance.sina.com.cn/corp/view/vISSUE_ShareBonusDetail.php?stockid=000001&type=1&end_date=1994-07-02
000001,平安银行,000001-1993-05-09,1993-05-09,1992,年度分配（推断）,1993,实施,3.5,5.0,3.0,0.3,1993-05-24,1993-05-21,,3.0,,,1993-05-24,是,是,是,http://vip.stock.finance.sina.com.cn/corp/view/vISSUE_ShareBonusDetail.php?stockid=000001&type=1&end_date=1993-05-09
000001,平安银行,000001-1991-03-03,1991-03-03,1990,年度分配（推断）,1991,实施,4.0,0.0,3.0,0.3,1991-04-03,1991-03-12,,3.0,,,,是,是,否,http://vip.stock.finance.sina.com.cn/corp/view/vISSUE_ShareBonusDetail.php?stockid=000001&type=1&end_date=1991-03-03
000001,平安银行,000001-1900-01-01,1900-01-01,1899,年度分配（推断）,1991,实施,3.0,0.0,0.0,0.0,1991-08-17,,,,,,,否,是,否,http://vip.stock.finance.sina.com.cn/corp/view/vISSUE_ShareBonusDetail.php?stockid=000001&type=1&end_date=1900-01-01
600519,贵州茅台,600519-2026-06-22,2026-06-22,2025,年度分配（推断）,2026,实施,0.0,0.0,280.242,28.0242,2026-06-26,2026-06-25,,280.24,280.24,2026-06-12,2026-06-26,是,否,否,http://vip.stock.finance.sina.com.cn/corp/view/vISSUE_ShareBonusDetail.php?stockid=600519&type=1&end_date=2026-06-22
600519,贵州茅台,600519-2025-12-11,2025-12-11,2025,中期/特别分配（推断）,2025,实施,0.0,0.0,239.57,23.957,2025-12-19,2025-12-18,,239.57,239.57,2025-11-29,2025-12-19,是,否,否,http://vip.stock.finance.sina.com.cn/corp/view/vISSUE_ShareBonusDetail.php?stockid=600519&type=1&end_date=2025-12-11
600519,贵州茅台,600519-2025-06-20,2025-06-20,2024,年度分配（推断）,2025,实施,0.0,0.0,276.73,27.673,2025-06-26,2025-06-25,,276.73,276.73,2025-05-20,2025-06-26,是,否,否,http://vip.stock.finance.sina.com.cn/corp/view/vISSUE_ShareBonusDetail.php?stockid=600519&type=1&end_date=2025-06-20
600519,贵州茅台,600519-2024-12-14,2024-12-14,2024,中期/特别分配（推断）,2024,实施,0.0,0.0,238.82,23.882,2024-12-20,2024-12-19,,238.82,238.82,2024-11-28,2024-12-20,是,否,否,http://vip.stock.finance.sina.com.cn/corp/view/vISSUE_ShareBonusDetail.php?stockid=600519&type=1&end_date=2024-12-14
600519,贵州茅台,600519-2024-06-12,2024-06-12,2023,年度分配（推断）,2024,实施,0.0,0.0,308.76,30.876,2024-06-19,2024-06-18,,308.76,308.76,2024-05-30,2024-06-19,是,否,否,http://vip.stock.finance.sina.com.cn/corp/view/vISSUE_ShareBonusDetail.php?stockid=600519&type=1&end_date=2024-06-12
600519,贵州茅台,600519-2023-12-14,2023-12-14,2023,中期/特别分配（推断）,2023,实施,0.0,0.0,191.06,19.106,2023-12-20,2023-12-19,,191.06,191.06,2023-12-07,2023-12-20,是,否,否,http://vip.stock.finance.sina.com.cn/corp/view/vISSUE_ShareBonusDetail.php?stockid=600519&type=1&end_date=2023-12-14
600519,贵州茅台,600519-2023-06-26,2023-06-26,2022,年度分配（推断）,2023,实施,0.0,0.0,259.11,25.911,2023-06-30,2023-06-29,,259.11,259.11,2023-06-14,2023-06-30,是,否,否,http://vip.stock.finance.sina.com.cn/corp/view/vISSUE_ShareBonusDetail.php?stockid=600519&type=1&end_date=2023-06-26
600519,贵州茅台,600519-2022-12-21,2022-12-21,2022,中期/特别分配（推断）,2022,实施,0.0,0.0,219.1,21.91,2022-12-27,2022-12-26,,219.1,219.1,2022-12-15,2022-12-27,是,否,否,http://vip.stock.finance.sina.com.cn/corp/view/vISSUE_ShareBonusDetail.php?stockid=600519&type=1&end_date=2022-12-21
600519,贵州茅台,600519-2022-06-24,2022-06-24,2021,年度分配（推断）,2022,实施,0.0,0.0,216.75,21.675,2022-06-30,2022-06-29,,216.75,216.75,2022-06-17,2022-06-30,是,否,否,http://vip.stock.finance.sina.com.cn/corp/view/vISSUE_ShareBonusDetail.php?stockid=600519&type=1&end_date=2022-06-24
600519,贵州茅台,600519-2021-06-21,2021-06-21,2020,年度分配（推断）,2021,实施,0.0,0.0,192.93,19.293,2021-06-25,2021-06-24,,192.93,192.93,2021-06-10,2021-06-25,是,否,否,http://vip.stock.finance.sina.com.cn/corp/view/vISSUE_ShareBonusDetail.php?stockid=600519&type=1&end_date=2021-06-21
600519,贵州茅台,600519-2020-06-18,2020-06-18,2019,年度分配（推断）,2020,实施,0.0,0.0,170.25,17.025,2020-06-24,2020-06-23,,170.25,170.25,2020-06-11,2020-06-24,是,否,否,http://vip.stock.finance.sina.com.cn/corp/view/vISSUE_ShareBonusDetail.php?stockid=600519&type=1&end_date=2020-06-18
600519,贵州茅台,600519-2019-06-22,2019-06-22,2018,年度分配（推断）,2019,实施,0.0,0.0,145.39,14.539,2019-06-28,2019-06-27,,145.39,145.39,2019-05-30,2019-06-28,是,否,否,http://vip.stock.finance.sina.com.cn/corp/view/vISSUE_ShareBonusDetail.php?stockid=600519&type=1&end_date=2019-06-22
600519,贵州茅台,600519-2018-06-08,2018-06-08,2017,年度分配（推断）,2018,实施,0.0,0.0,109.99,10.999,2018-06-15,2018-06-14,,109.99,109.99,2018-05-24,2018-06-15,是,否,否,http://vip.stock.finance.sina.com.cn/corp/view/vISSUE_ShareBonusDetail.php?stockid=600519&type=1&end_date=2018-06-08
600519,贵州茅台,600519-2017-07-01,2017-07-01,2016,年度分配（推断）,2017,实施,0.0,0.0,67.87,6.787,2017-07-07,2017-07-06,,67.87,67.87,2017-05-23,2017-07-07,是,否,否,http://vip.stock.finance.sina.com.cn/corp/view/vISSUE_ShareBonusDetail.php?stockid=600519&type=1&end_date=2017-07-01
600519,贵州茅台,600519-2016-06-27,2016-06-27,2015,年度分配（推断）,2016,实施,0.0,0.0,61.71,6.171,2016-07-01,2016-06-30,,61.71,61.71,2016-05-19,2016-07-01,是,否,否,http://vip.stock.finance.sina.com.cn/corp/view/vISSUE_ShareBonusDetail.php?stockid=600519&type=1&end_date=2016-06-27
600519,贵州茅台,600519-2015-07-10,2015-07-10,2014,年度分配（推断）,2015,实施,1.0,0.0,43.74,4.374,2015-07-17,2015-07-16,,43.74,,2015-05-21,2015-07-17,是,是,否,http://vip.stock.finance.sina.com.cn/corp/view/vISSUE_ShareBonusDetail.php?stockid=600519&type=1&end_date=2015-07-10
600519,贵州茅台,600519-2014-06-18,2014-06-18,2013,年度分配（推断）,2014,实施,1.0,0.0,43.74,4.374,2014-06-25,2014-06-24,,43.74,,2014-05-20,2014-06-25,是,是,否,http://vip.stock.finance.sina.com.cn/corp/view/vISSUE_ShareBonusDetail.php?stockid=600519&type=1&end_date=2014-06-18
600519,贵州茅台,600519-2013-06-03,2013-06-03,2012,年度分配（推断）,2013,实施,0.0,0.0,64.19,6.419,2013-06-07,2013-06-06,,64.19,60.98,2013-05-17,2013-06-17,是,否,否,http://vip.stock.finance.sina.com.cn/corp/view/vISSUE_ShareBonusDetail.php?stockid=600519&type=1&end_date=2013-06-03
600519,贵州茅台,600519-2012-06-27,2012-06-27,2011,年度分配（推断）,2012,实施,0.0,0.0,39.97,3.997,2012-07-05,2012-07-04,,39.97,35.97,2012-05-30,2012-07-13,是,否,否,http://vip.stock.finance.sina.com.cn/corp/view/vISSUE_ShareBonusDetail.php?stockid=600519&type=1&end_date=2012-06-27
600519,贵州茅台,600519-2011-06-27,2011-06-27,2010,年度分配（推断）,2011,实施,1.0,0.0,23.0,2.3,2011-07-01,2011-06-30,,23.0,,2011-05-26,2011-07-01,是,是,否,http://vip.stock.finance.sina.com.cn/corp/view/vISSUE_ShareBonusDetail.php?stockid=600519&type=1&end_date=2011-06-27
600519,贵州茅台,600519-2010-06-29,2010-06-29,2009,年度分配（推断）,2010,实施,0.0,0.0,11.85,1.185,2010-07-05,2010-07-02,,11.85,10.67,2010-05-29,2010-07-09,是,否,否,http://vip.stock.finance.sina.com.cn/corp/view/vISSUE_ShareBonusDetail.php?stockid=600519&type=1&end_date=2010-06-29
600519,贵州茅台,600519-2009-06-25,2009-06-25,2008,年度分配（推断）,2009,实施,0.0,0.0,11.56,1.156,2009-07-01,2009-06-30,,11.56,10.4,2009-05-23,2009-07-07,是,否,否,http://vip.stock.finance.sina.com.cn/corp/view/vISSUE_ShareBonusDetail.php?stockid=600519&type=1&end_date=2009-06-25
600519,贵州茅台,600519-2008-06-10,2008-06-10,2007,年度分配（推断）,2008,实施,0.0,0.0,8.36,0.836,2008-06-16,2008-06-13,,8.36,7.52,2008-05-29,2008-06-20,是,否,否,http://vip.stock.finance.sina.com.cn/corp/view/vISSUE_ShareBonusDetail.php?stockid=600519&type=1&end_date=2008-06-10
600519,贵州茅台,600519-2007-07-09,2007-07-09,2006,年度分配（推断）,2007,实施,0.0,0.0,7.0,0.7,2007-07-13,2007-07-12,,7.0,6.3,2007-06-01,2007-07-19,是,否,否,http://vip.stock.finance.sina.com.cn/corp/view/vISSUE_ShareBonusDetail.php?stockid=600519&type=1&end_date=2007-07-09
600519,贵州茅台,600519-2006-05-22,2006-05-22,2005,年度分配（推断）,2006,实施,0.0,0.0,5.91,0.591,2006-05-24,2006-05-23,2006-05-25,5.91,5.32,2006-05-15,2006-05-29,是,否,否,http://vip.stock.finance.sina.com.cn/corp/view/vISSUE_ShareBonusDetail.php?stockid=600519&type=1&end_date=2006-05-22
600519,贵州茅台,600519-2006-05-17,2006-05-17,2005,年度分配（推断）,2006,实施,0.0,10.0,0.0,0.0,2006-05-19,2006-05-18,2006-05-25,,,2006-05-15,2006-05-19,否,否,是,http://vip.stock.finance.sina.com.cn/corp/view/vISSUE_ShareBonusDetail.php?stockid=600519&type=1&end_date=2006-05-17
600519,贵州茅台,600519-2006-05-15,2006-05-15,2005,年度分配（推断）,2006,实施,0.0,0.0,3.0,0.3,2006-05-19,2006-05-18,,3.0,2.7,2006-05-12,2006-05-23,是,否,否,http://vip.stock.finance.sina.com.cn/corp/view/vISSUE_ShareBonusDetail.php?stockid=600519&type=1&end_date=2006-05-15
600519,贵州茅台,600519-2005-07-30,2005-07-30,2004,年度分配（推断）,2005,实施,0.0,2.0,5.0,0.5,2005-08-05,2005-08-04,,5.0,,2005-06-30,2005-08-08,是,否,是,http://vip.stock.finance.sina.com.cn/corp/view/vISSUE_ShareBonusDetail.php?stockid=600519&type=1&end_date=2005-07-30
600519,贵州茅台,600519-2004-06-25,2004-06-25,2003,年度分配（推断）,2004,实施,0.0,3.0,3.0,0.3,2004-07-01,2004-06-30,,3.0,,2004-06-01,2004-07-01,是,否,是,http://vip.stock.finance.sina.com.cn/corp/view/vISSUE_ShareBonusDetail.php?stockid=600519&type=1&end_date=2004-06-25
600519,贵州茅台,600519-2003-07-08,2003-07-08,2002,年度分配（推断）,2003,实施,1.0,0.0,2.0,0.2,2003-07-14,2003-07-11,,2.0,,2003-06-13,2003-07-14,是,是,否,http://vip.stock.finance.sina.com.cn/corp/view/vISSUE_ShareBonusDetail.php?stockid=600519&type=1&end_date=2003-07-08
600519,贵州茅台,600519-2002-07-18,2002-07-18,2001,年度分配（推断）,2002,实施,0.0,1.0,6.0,0.6,2002-07-25,2002-07-24,,6.0,,2002-06-26,2002-07-25,是,否,是,http://vip.stock.finance.sina.com.cn/corp/view/vISSUE_ShareBonusDetail.php?stockid=600519&type=1&end_date=2002-07-18
601398,工商银行,601398-2026-08-29,2026-08-29,2025,年度分配（推断）,2026,预案,0.0,0.0,1.511,0.1511,,,,1.51,,,,是,否,否,http://vip.stock.finance.sina.com.cn/corp/view/vISSUE_ShareBonusDetail.php?stockid=601398&type=1&end_date=2026-08-29
601398,工商银行,601398-2026-05-07,2026-05-07,2025,年度分配（推断）,2026,实施,0.0,0.0,1.689,0.1689,2026-05-13,2026-05-12,,1.69,1.69,2026-04-24,2026-05-13,是,否,否,http://vip.stock.finance.sina.com.cn/corp/view/vISSUE_ShareBonusDetail.php?stockid=601398&type=1&end_date=2026-05-07
601398,工商银行,601398-2025-12-09,2025-12-09,2025,中期/特别分配（推断）,2025,实施,0.0,0.0,1.414,0.1414,2025-12-15,2025-12-12,,1.41,1.41,2025-11-29,2025-12-15,是,否,否,http://vip.stock.finance.sina.com.cn/corp/view/vISSUE_ShareBonusDetail.php?stockid=601398&type=1&end_date=2025-12-09
601398,工商银行,601398-2025-03-29,2025-03-29,2024,年度分配（推断）,2025,实施,0.0,0.0,1.646,0.1646,2025-07-14,2025-07-11,,1.65,,2025-06-28,2025-07-14,是,否,否,http://vip.stock.finance.sina.com.cn/corp/view/vISSUE_ShareBonusDetail.php?stockid=601398&type=1&end_date=2025-03-29
601398,工商银行,601398-2024-12-31,2024-12-31,2024,中期/特别分配（推断）,2025,实施,0.0,0.0,1.434,0.1434,2025-01-07,2025-01-06,,1.43,1.43,2024-12-03,2025-01-07,是,否,否,http://vip.stock.finance.sina.com.cn/corp/view/vISSUE_ShareBonusDetail.php?stockid=601398&type=1&end_date=2024-12-31
601398,工商银行,601398-2024-07-09,2024-07-09,2023,年度分配（推断）,2024,实施,0.0,0.0,3.064,0.3064,2024-07-16,2024-07-15,,3.06,3.06,2024-06-29,2024-07-16,是,否,否,http://vip.stock.finance.sina.com.cn/corp/view/vISSUE_ShareBonusDetail.php?stockid=601398&type=1&end_date=2024-07-09
601398,工商银行,601398-2023-07-11,2023-07-11,2022,年度分配（推断）,2023,实施,0.0,0.0,3.035,0.3035,2023-07-17,2023-07-14,,3.04,3.04,2023-06-30,2023-07-17,是,否,否,http://vip.stock.finance.sina.com.cn/corp/view/vISSUE_ShareBonusDetail.php?stockid=601398&type=1&end_date=2023-07-11
601398,工商银行,601398-2022-07-05,2022-07-05,2021,年度分配（推断）,2022,实施,0.0,0.0,2.933,0.2933,2022-07-12,2022-07-11,,2.93,2.93,2022-06-24,2022-07-12,是,否,否,http://vip.stock.finance.sina.com.cn/corp/view/vISSUE_ShareBonusDetail.php?stockid=601398&type=1&end_date=2022-07-05
601398,工商银行,601398-2021-06-29,2021-06-29,2020,年度分配（推断）,2021,实施,0.0,0.0,2.66,0.266,2021-07-06,2021-07-05,,2.66,2.66,2021-06-22,2021-07-06,是,否,否,http://vip.stock.finance.sina.com.cn/corp/view/vISSUE_ShareBonusDetail.php?stockid=601398&type=1&end_date=2021-06-29
601398,工商银行,601398-2020-06-20,2020-06-20,2019,年度分配（推断）,2020,实施,0.0,0.0,2.628,0.2628,2020-06-30,2020-06-29,,2.63,2.63,2020-06-13,2020-06-30,是,否,否,http://vip.stock.finance.sina.com.cn/corp/view/vISSUE_ShareBonusDetail.php?stockid=601398&type=1&end_date=2020-06-20
601398,工商银行,601398-2019-06-27,2019-06-27,2018,年度分配（推断）,2019,实施,0.0,0.0,2.506,0.2506,2019-07-03,2019-07-02,,2.51,2.51,2019-06-21,2019-07-03,是,否,否,http://vip.stock.finance.sina.com.cn/corp/view/vISSUE_ShareBonusDetail.php?stockid=601398&type=1&end_date=2019-06-27
601398,工商银行,601398-2018-07-06,2018-07-06,2017,年度分配（推断）,2018,实施,0.0,0.0,2.408,0.2408,2018-07-13,2018-07-12,,2.41,2.41,2018-06-27,2018-07-13,是,否,否,http://vip.stock.finance.sina.com.cn/corp/view/vISSUE_ShareBonusDetail.php?stockid=601398&type=1&end_date=2018-07-06
601398,工商银行,601398-2017-07-04,2017-07-04,2016,年度分配（推断）,2017,实施,0.0,0.0,2.343,0.2343,2017-07-11,2017-07-10,,2.34,2.34,2017-06-28,2017-07-11,是,否,否,http://vip.stock.finance.sina.com.cn/corp/view/vISSUE_ShareBonusDetail.php?stockid=601398&type=1&end_date=2017-07-04
601398,工商银行,601398-2016-07-01,2016-07-01,2015,年度分配（推断）,2016,实施,0.0,0.0,2.333,0.2333,2016-07-08,2016-07-07,,2.33,2.33,2016-06-25,2016-07-08,是,否,否,http://vip.stock.finance.sina.com.cn/corp/view/vISSUE_ShareBonusDetail.php?stockid=601398&type=1&end_date=2016-07-01
601398,工商银行,601398-2015-06-29,2015-06-29,2014,年度分配（推断）,2015,实施,0.0,0.0,2.554,0.2554,2015-07-07,2015-07-06,,2.55,2.43,2015-06-20,2015-07-07,是,否,否,http://vip.stock.finance.sina.com.cn/corp/view/vISSUE_ShareBonusDetail.php?stockid=601398&type=1&end_date=2015-06-29
601398,工商银行,601398-2014-06-13,2014-06-13,2013,年度分配（推断）,2014,实施,0.0,0.0,2.617,0.2617,2014-06-20,2014-06-19,,2.62,2.49,2014-06-07,2014-06-20,是,否,否,http://vip.stock.finance.sina.com.cn/corp/view/vISSUE_ShareBonusDetail.php?stockid=601398&type=1&end_date=2014-06-13
601398,工商银行,601398-2013-06-19,2013-06-19,2012,年度分配（推断）,2013,实施,0.0,0.0,2.39,0.239,2013-06-26,2013-06-25,,2.39,2.27,2013-06-08,2013-07-19,是,否,否,http://vip.stock.finance.sina.com.cn/corp/view/vISSUE_ShareBonusDetail.php?stockid=601398&type=1&end_date=2013-06-19
601398,工商银行,601398-2012-06-07,2012-06-07,2011,年度分配（推断）,2012,实施,0.0,0.0,2.03,0.203,2012-06-14,2012-06-13,,2.03,1.83,2012-06-01,2012-07-12,是,否,否,http://vip.stock.finance.sina.com.cn/corp/view/vISSUE_ShareBonusDetail.php?stockid=601398&type=1&end_date=2012-06-07
601398,工商银行,601398-2011-06-08,2011-06-08,2010,年度分配（推断）,2011,实施,0.0,0.0,1.84,0.184,2011-06-15,2011-06-14,,1.84,1.66,2011-06-01,2011-07-08,是,否,否,http://vip.stock.finance.sina.com.cn/corp/view/vISSUE_ShareBonusDetail.php?stockid=601398&type=1&end_date=2011-06-08
601398,工商银行,601398-2010-05-20,2010-05-20,2009,年度分配（推断）,2010,实施,0.0,0.0,1.7,0.17,2010-05-27,2010-05-26,,1.7,1.53,2010-05-19,2010-06-25,是,否,否,http://vip.stock.finance.sina.com.cn/corp/view/vISSUE_ShareBonusDetail.php?stockid=601398&type=1&end_date=2010-05-20
601398,工商银行,601398-2009-05-27,2009-05-27,2008,年度分配（推断）,2009,实施,0.0,0.0,1.65,0.165,2009-06-04,2009-06-03,,1.65,1.49,2009-05-26,2009-06-30,是,否,否,http://vip.stock.finance.sina.com.cn/corp/view/vISSUE_ShareBonusDetail.php?stockid=601398&type=1&end_date=2009-05-27
601398,工商银行,601398-2008-06-11,2008-06-11,2007,年度分配（推断）,2008,实施,0.0,0.0,1.33,0.133,2008-06-18,2008-06-17,,1.33,1.2,2008-06-06,2008-06-26,是,否,否,http://vip.stock.finance.sina.com.cn/corp/view/vISSUE_ShareBonusDetail.php?stockid=601398&type=1&end_date=2008-06-11
601398,工商银行,601398-2007-06-15,2007-06-15,2006,年度分配（推断）,2007,实施,0.0,0.0,0.16,0.016,2007-06-21,2007-06-20,,0.16,0.14,2007-06-13,2007-06-28,是,否,否,http://vip.stock.finance.sina.com.cn/corp/view/vISSUE_ShareBonusDetail.php?stockid=601398&type=1&end_date=2007-06-15
